week,week_start,site,product,capacity
0,2025-01-06,Factory1,Product1,268
0,2025-01-06,Factory1,Product2,761
0,2025-01-06,Factory1,Product3,119
0,2025-01-06,Factory1,Product4,331
0,2025-01-06,Factory1,Product5,620
0,2025-01-06,Factory2,Product1,369
0,2025-01-06,Factory2,Product2,437
0,2025-01-06,Factory2,Product3,187
0,2025-01-06,Factory2,Product4,340
0,2025-01-06,Factory2,Product5,767
1,2025-01-13,Factory1,Product1,336
1,2025-01-13,Factory1,Product2,722
1,2025-01-13,Factory1,Product3,215
1,2025-01-13,Factory1,Product4,476
1,2025-01-13,Factory1,Product5,352
1,2025-01-13,Factory2,Product1,429
1,2025-01-13,Factory2,Product2,479
1,2025-01-13,Factory2,Product3,270
1,2025-01-13,Factory2,Product4,279
1,2025-01-13,Factory2,Product5,643
2,2025-01-20,Factory1,Product1,648
2,2025-01-20,Factory1,Product2,227
2,2025-01-20,Factory1,Product3,328
2,2025-01-20,Factory1,Product4,336
2,2025-01-20,Factory1,Product5,561
2,2025-01-20,Factory2,Product1,535
2,2025-01-20,Factory2,Product2,553
2,2025-01-20,Factory2,Product3,103
2,2025-01-20,Factory2,Product4,657
2,2025-01-20,Factory2,Product5,251
3,2025-01-27,Factory1,Product1,167
3,2025-01-27,Factory1,Product2,450
3,2025-01-27,Factory1,Product3,620
3,2025-01-27,Factory1,Product4,507
3,2025-01-27,Factory1,Product5,356
3,2025-01-27,Factory2,Product1,309
3,2025-01-27,Factory2,Product2,107
3,2025-01-27,Factory2,Product3,292
3,2025-01-27,Factory2,Product4,107
3,2025-01-27,Factory2,Product5,550
4,2025-02-03,Factory1,Product1,401
4,2025-02-03,Factory1,Product2,294
4,2025-02-03,Factory1,Product3,226
4,2025-02-03,Factory1,Product4,598
4,2025-02-03,Factory1,Product5,581
4,2025-02-03,Factory2,Product1,485
4,2025-02-03,Factory2,Product2,607
4,2025-02-03,Factory2,Product3,512
4,2025-02-03,Factory2,Product4,343
4,2025-02-03,Factory2,Product5,152
5,2025-02-10,Factory1,Product1,509
5,2025-02-10,Factory1,Product2,399
5,2025-02-10,Factory1,Product3,420
5,2025-02-10,Factory1,Product4,437
5,2025-02-10,Factory1,Product5,336
5,2025-02-10,Factory2,Product1,350
5,2025-02-10,Factory2,Product2,690
5,2025-02-10,Factory2,Product3,360
5,2025-02-10,Factory2,Product4,402
5,2025-02-10,Factory2,Product5,297
6,2025-02-17,Factory1,Product1,643
6,2025-02-17,Factory1,Product2,362
6,2025-02-17,Factory1,Product3,525
6,2025-02-17,Factory1,Product4,398
6,2025-02-17,Factory1,Product5,172
6,2025-02-17,Factory2,Product1,505
6,2025-02-17,Factory2,Product2,429
6,2025-02-17,Factory2,Product3,273
6,2025-02-17,Factory2,Product4,377
6,2025-02-17,Factory2,Product5,516
7,2025-02-24,Factory1,Product1,744
7,2025-02-24,Factory1,Product2,377
7,2025-02-24,Factory1,Product3,342
7,2025-02-24,Factory1,Product4,370
7,2025-02-24,Factory1,Product5,267
7,2025-02-24,Factory2,Product1,483
7,2025-02-24,Factory2,Product2,340
7,2025-02-24,Factory2,Product3,367
7,2025-02-24,Factory2,Product4,281
7,2025-02-24,Factory2,Product5,434
8,2025-03-03,Factory1,Product1,418
8,2025-03-03,Factory1,Product2,518
8,2025-03-03,Factory1,Product3,196
8,2025-03-03,Factory1,Product4,604
8,2025-03-03,Factory1,Product5,366
8,2025-03-03,Factory2,Product1,98
8,2025-03-03,Factory2,Product2,554
8,2025-03-03,Factory2,Product3,323
8,2025-03-03,Factory2,Product4,900
8,2025-03-03,Factory2,Product5,226
9,2025-03-10,Factory1,Product1,448
9,2025-03-10,Factory1,Product2,229
9,2025-03-10,Factory1,Product3,96
9,2025-03-10,Factory1,Product4,986
9,2025-03-10,Factory1,Product5,341
9,2025-03-10,Factory2,Product1,358
9,2025-03-10,Factory2,Product2,710
9,2025-03-10,Factory2,Product3,580
9,2025-03-10,Factory2,Product4,132
9,2025-03-10,Factory2,Product5,320
10,2025-03-17,Factory1,Product1,230
10,2025-03-17,Factory1,Product2,157
10,2025-03-17,Factory1,Product3,293
10,2025-03-17,Factory1,Product4,1085
10,2025-03-17,Factory1,Product5,335
10,2025-03-17,Factory2,Product1,661
10,2025-03-17,Factory2,Product2,437
10,2025-03-17,Factory2,Product3,156
10,2025-03-17,Factory2,Product4,282
10,2025-03-17,Factory2,Product5,564
11,2025-03-24,Factory1,Product1,311
11,2025-03-24,Factory1,Product2,222
11,2025-03-24,Factory1,Product3,101
11,2025-03-24,Factory1,Product4,685
11,2025-03-24,Factory1,Product5,782
11,2025-03-24,Factory2,Product1,433
11,2025-03-24,Factory2,Product2,318
11,2025-03-24,Factory2,Product3,255
11,2025-03-24,Factory2,Product4,401
11,2025-03-24,Factory2,Product5,693
12,2025-03-31,Factory1,Product1,389
12,2025-03-31,Factory1,Product2,257
12,2025-03-31,Factory1,Product3,928
12,2025-03-31,Factory1,Product4,235
12,2025-03-31,Factory1,Product5,292
12,2025-03-31,Factory2,Product1,553
12,2025-03-31,Factory2,Product2,286
12,2025-03-31,Factory2,Product3,658
12,2025-03-31,Factory2,Product4,406
12,2025-03-31,Factory2,Product5,197
13,2025-04-07,Factory1,Product1,292
13,2025-04-07,Factory1,Product2,676
13,2025-04-07,Factory1,Product3,264
13,2025-04-07,Factory1,Product4,473
13,2025-04-07,Factory1,Product5,395
13,2025-04-07,Factory2,Product1,270
13,2025-04-07,Factory2,Product2,326
13,2025-04-07,Factory2,Product3,508
13,2025-04-07,Factory2,Product4,564
13,2025-04-07,Factory2,Product5,431
14,2025-04-14,Factory1,Product1,745
14,2025-04-14,Factory1,Product2,562
14,2025-04-14,Factory1,Product3,356
14,2025-04-14,Factory1,Product4,389
14,2025-04-14,Factory1,Product5,49
14,2025-04-14,Factory2,Product1,663
14,2025-04-14,Factory2,Product2,627
14,2025-04-14,Factory2,Product3,319
14,2025-04-14,Factory2,Product4,245
14,2025-04-14,Factory2,Product5,245
15,2025-04-21,Factory1,Product1,998
15,2025-04-21,Factory1,Product2,183
15,2025-04-21,Factory1,Product3,400
15,2025-04-21,Factory1,Product4,213
15,2025-04-21,Factory1,Product5,306
15,2025-04-21,Factory2,Product1,343
15,2025-04-21,Factory2,Product2,54
15,2025-04-21,Factory2,Product3,539
15,2025-04-21,Factory2,Product4,301
15,2025-04-21,Factory2,Product5,864
16,2025-04-28,Factory1,Product1,653
16,2025-04-28,Factory1,Product2,396
16,2025-04-28,Factory1,Product3,310
16,2025-04-28,Factory1,Product4,583
16,2025-04-28,Factory1,Product5,158
16,2025-04-28,Factory2,Product1,349
16,2025-04-28,Factory2,Product2,202
16,2025-04-28,Factory2,Product3,369
16,2025-04-28,Factory2,Product4,677
16,2025-04-28,Factory2,Product5,504
17,2025-05-05,Factory1,Product1,415
17,2025-05-05,Factory1,Product2,546
17,2025-05-05,Factory1,Product3,282
17,2025-05-05,Factory1,Product4,343
17,2025-05-05,Factory1,Product5,514
17,2025-05-05,Factory2,Product1,823
17,2025-05-05,Factory2,Product2,646
17,2025-05-05,Factory2,Product3,166
17,2025-05-05,Factory2,Product4,155
17,2025-05-05,Factory2,Product5,310
18,2025-05-12,Factory1,Product1,363
18,2025-05-12,Factory1,Product2,260
18,2025-05-12,Factory1,Product3,579
18,2025-05-12,Factory1,Product4,181
18,2025-05-12,Factory1,Product5,718
18,2025-05-12,Factory2,Product1,78
18,2025-05-12,Factory2,Product2,650
18,2025-05-12,Factory2,Product3,379
18,2025-05-12,Factory2,Product4,213
18,2025-05-12,Factory2,Product5,780
19,2025-05-19,Factory1,Product1,623
19,2025-05-19,Factory1,Product2,470
19,2025-05-19,Factory1,Product3,457
19,2025-05-19,Factory1,Product4,152
19,2025-05-19,Factory1,Product5,398
19,2025-05-19,Factory2,Product1,510
19,2025-05-19,Factory2,Product2,403
19,2025-05-19,Factory2,Product3,437
19,2025-05-19,Factory2,Product4,308
19,2025-05-19,Factory2,Product5,442
20,2025-05-26,Factory1,Product1,575
20,2025-05-26,Factory1,Product2,192
20,2025-05-26,Factory1,Product3,385
20,2025-05-26,Factory1,Product4,309
20,2025-05-26,Factory1,Product5,640
20,2025-05-26,Factory2,Product1,256
20,2025-05-26,Factory2,Product2,201
20,2025-05-26,Factory2,Product3,831
20,2025-05-26,Factory2,Product4,194
20,2025-05-26,Factory2,Product5,617
21,2025-06-02,Factory1,Product1,1113
21,2025-06-02,Factory1,Product2,511
21,2025-06-02,Factory1,Product3,123
21,2025-06-02,Factory1,Product4,122
21,2025-06-02,Factory1,Product5,231
21,2025-06-02,Factory2,Product1,453
21,2025-06-02,Factory2,Product2,243
21,2025-06-02,Factory2,Product3,177
21,2025-06-02,Factory2,Product4,907
21,2025-06-02,Factory2,Product5,320
22,2025-06-09,Factory1,Product1,558
22,2025-06-09,Factory1,Product2,190
22,2025-06-09,Factory1,Product3,197
22,2025-06-09,Factory1,Product4,865
22,2025-06-09,Factory1,Product5,290
22,2025-06-09,Factory2,Product1,279
22,2025-06-09,Factory2,Product2,88
22,2025-06-09,Factory2,Product3,558
22,2025-06-09,Factory2,Product4,330
22,2025-06-09,Factory2,Product5,845
23,2025-06-16,Factory1,Product1,330
23,2025-06-16,Factory1,Product2,492
23,2025-06-16,Factory1,Product3,533
23,2025-06-16,Factory1,Product4,417
23,2025-06-16,Factory1,Product5,328
23,2025-06-16,Factory2,Product1,474
23,2025-06-16,Factory2,Product2,384
23,2025-06-16,Factory2,Product3,204
23,2025-06-16,Factory2,Product4,575
23,2025-06-16,Factory2,Product5,463
24,2025-06-23,Factory1,Product1,254
24,2025-06-23,Factory1,Product2,327
24,2025-06-23,Factory1,Product3,401
24,2025-06-23,Factory1,Product4,356
24,2025-06-23,Factory1,Product5,762
24,2025-06-23,Factory2,Product1,254
24,2025-06-23,Factory2,Product2,313
24,2025-06-23,Factory2,Product3,734
24,2025-06-23,Factory2,Product4,394
24,2025-06-23,Factory2,Product5,405
25,2025-06-30,Factory1,Product1,378
25,2025-06-30,Factory1,Product2,208
25,2025-06-30,Factory1,Product3,288
25,2025-06-30,Factory1,Product4,185
25,2025-06-30,Factory1,Product5,517
25,2025-06-30,Factory2,Product1,405
25,2025-06-30,Factory2,Product2,233
25,2025-06-30,Factory2,Product3,342
25,2025-06-30,Factory2,Product4,256
25,2025-06-30,Factory2,Product5,338
26,2025-07-07,Factory1,Product1,392
26,2025-07-07,Factory1,Product2,280
26,2025-07-07,Factory1,Product3,594
26,2025-07-07,Factory1,Product4,166
26,2025-07-07,Factory1,Product5,143
26,2025-07-07,Factory2,Product1,304
26,2025-07-07,Factory2,Product2,567
26,2025-07-07,Factory2,Product3,425
26,2025-07-07,Factory2,Product4,126
26,2025-07-07,Factory2,Product5,153
27,2025-07-14,Factory1,Product1,647
27,2025-07-14,Factory1,Product2,281
27,2025-07-14,Factory1,Product3,463
27,2025-07-14,Factory1,Product4,259
27,2025-07-14,Factory1,Product5,450
27,2025-07-14,Factory2,Product1,287
27,2025-07-14,Factory2,Product2,210
27,2025-07-14,Factory2,Product3,463
27,2025-07-14,Factory2,Product4,857
27,2025-07-14,Factory2,Product5,283
28,2025-07-21,Factory1,Product1,264
28,2025-07-21,Factory1,Product2,1152
28,2025-07-21,Factory1,Product3,181
28,2025-07-21,Factory1,Product4,250
28,2025-07-21,Factory1,Product5,253
28,2025-07-21,Factory2,Product1,440
28,2025-07-21,Factory2,Product2,621
28,2025-07-21,Factory2,Product3,438
28,2025-07-21,Factory2,Product4,253
28,2025-07-21,Factory2,Product5,349
29,2025-07-28,Factory1,Product1,380
29,2025-07-28,Factory1,Product2,452
29,2025-07-28,Factory1,Product3,441
29,2025-07-28,Factory1,Product4,617
29,2025-07-28,Factory1,Product5,209
29,2025-07-28,Factory2,Product1,568
29,2025-07-28,Factory2,Product2,296
29,2025-07-28,Factory2,Product3,530
29,2025-07-28,Factory2,Product4,428
29,2025-07-28,Factory2,Product5,278
30,2025-08-04,Factory1,Product1,357
30,2025-08-04,Factory1,Product2,196
30,2025-08-04,Factory1,Product3,119
30,2025-08-04,Factory1,Product4,339
30,2025-08-04,Factory1,Product5,1089
30,2025-08-04,Factory2,Product1,141
30,2025-08-04,Factory2,Product2,1195
30,2025-08-04,Factory2,Product3,257
30,2025-08-04,Factory2,Product4,186
30,2025-08-04,Factory2,Product5,321
31,2025-08-11,Factory1,Product1,576
31,2025-08-11,Factory1,Product2,646
31,2025-08-11,Factory1,Product3,178
31,2025-08-11,Factory1,Product4,515
31,2025-08-11,Factory1,Product5,184
31,2025-08-11,Factory2,Product1,447
31,2025-08-11,Factory2,Product2,889
31,2025-08-11,Factory2,Product3,375
31,2025-08-11,Factory2,Product4,199
31,2025-08-11,Factory2,Product5,190
32,2025-08-18,Factory1,Product1,535
32,2025-08-18,Factory1,Product2,146
32,2025-08-18,Factory1,Product3,505
32,2025-08-18,Factory1,Product4,525
32,2025-08-18,Factory1,Product5,389
32,2025-08-18,Factory2,Product1,521
32,2025-08-18,Factory2,Product2,208
32,2025-08-18,Factory2,Product3,371
32,2025-08-18,Factory2,Product4,384
32,2025-08-18,Factory2,Product5,616
33,2025-08-25,Factory1,Product1,355
33,2025-08-25,Factory1,Product2,227
33,2025-08-25,Factory1,Product3,386
33,2025-08-25,Factory1,Product4,566
33,2025-08-25,Factory1,Product5,567
33,2025-08-25,Factory2,Product1,525
33,2025-08-25,Factory2,Product2,252
33,2025-08-25,Factory2,Product3,374
33,2025-08-25,Factory2,Product4,358
33,2025-08-25,Factory2,Product5,592
34,2025-09-01,Factory1,Product1,120
34,2025-09-01,Factory1,Product2,379
34,2025-09-01,Factory1,Product3,300
34,2025-09-01,Factory1,Product4,868
34,2025-09-01,Factory1,Product5,434
34,2025-09-01,Factory2,Product1,335
34,2025-09-01,Factory2,Product2,56
34,2025-09-01,Factory2,Product3,575
34,2025-09-01,Factory2,Product4,713
34,2025-09-01,Factory2,Product5,422
35,2025-09-08,Factory1,Product1,133
35,2025-09-08,Factory1,Product2,310
35,2025-09-08,Factory1,Product3,126
35,2025-09-08,Factory1,Product4,479
35,2025-09-08,Factory1,Product5,165
35,2025-09-08,Factory2,Product1,134
35,2025-09-08,Factory2,Product2,455
35,2025-09-08,Factory2,Product3,462
35,2025-09-08,Factory2,Product4,635
35,2025-09-08,Factory2,Product5,414
36,2025-09-15,Factory1,Product1,200
36,2025-09-15,Factory1,Product2,321
36,2025-09-15,Factory1,Product3,386
36,2025-09-15,Factory1,Product4,138
36,2025-09-15,Factory1,Product5,230
36,2025-09-15,Factory2,Product1,125
36,2025-09-15,Factory2,Product2,643
36,2025-09-15,Factory2,Product3,430
36,2025-09-15,Factory2,Product4,392
36,2025-09-15,Factory2,Product5,510
37,2025-09-22,Factory1,Product1,302
37,2025-09-22,Factory1,Product2,255
37,2025-09-22,Factory1,Product3,389
37,2025-09-22,Factory1,Product4,305
37,2025-09-22,Factory1,Product5,847
37,2025-09-22,Factory2,Product1,564
37,2025-09-22,Factory2,Product2,373
37,2025-09-22,Factory2,Product3,222
37,2025-09-22,Factory2,Product4,158
37,2025-09-22,Factory2,Product5,354
38,2025-09-29,Factory1,Product1,491
38,2025-09-29,Factory1,Product2,342
38,2025-09-29,Factory1,Product3,775
38,2025-09-29,Factory1,Product4,79
38,2025-09-29,Factory1,Product5,413
38,2025-09-29,Factory2,Product1,425
38,2025-09-29,Factory2,Product2,186
38,2025-09-29,Factory2,Product3,333
38,2025-09-29,Factory2,Product4,807
38,2025-09-29,Factory2,Product5,349
39,2025-10-06,Factory1,Product1,317
39,2025-10-06,Factory1,Product2,410
39,2025-10-06,Factory1,Product3,607
39,2025-10-06,Factory1,Product4,347
39,2025-10-06,Factory1,Product5,419
39,2025-10-06,Factory2,Product1,251
39,2025-10-06,Factory2,Product2,365
39,2025-10-06,Factory2,Product3,596
39,2025-10-06,Factory2,Product4,502
39,2025-10-06,Factory2,Product5,387
40,2025-10-13,Factory1,Product1,297
40,2025-10-13,Factory1,Product2,181
40,2025-10-13,Factory1,Product3,799
40,2025-10-13,Factory1,Product4,162
40,2025-10-13,Factory1,Product5,661
40,2025-10-13,Factory2,Product1,527
40,2025-10-13,Factory2,Product2,499
40,2025-10-13,Factory2,Product3,284
40,2025-10-13,Factory2,Product4,473
40,2025-10-13,Factory2,Product5,317
41,2025-10-20,Factory1,Product1,420
41,2025-10-20,Factory1,Product2,489
41,2025-10-20,Factory1,Product3,149
41,2025-10-20,Factory1,Product4,498
41,2025-10-20,Factory1,Product5,543
41,2025-10-20,Factory2,Product1,267
41,2025-10-20,Factory2,Product2,142
41,2025-10-20,Factory2,Product3,466
41,2025-10-20,Factory2,Product4,248
41,2025-10-20,Factory2,Product5,519
42,2025-10-27,Factory1,Product1,639
42,2025-10-27,Factory1,Product2,424
42,2025-10-27,Factory1,Product3,274
42,2025-10-27,Factory1,Product4,202
42,2025-10-27,Factory1,Product5,562
42,2025-10-27,Factory2,Product1,220
42,2025-10-27,Factory2,Product2,374
42,2025-10-27,Factory2,Product3,498
42,2025-10-27,Factory2,Product4,877
42,2025-10-27,Factory2,Product5,131
43,2025-11-03,Factory1,Product1,382
43,2025-11-03,Factory1,Product2,224
43,2025-11-03,Factory1,Product3,256
43,2025-11-03,Factory1,Product4,620
43,2025-11-03,Factory1,Product5,619
43,2025-11-03,Factory2,Product1,326
43,2025-11-03,Factory2,Product2,508
43,2025-11-03,Factory2,Product3,542
43,2025-11-03,Factory2,Product4,163
43,2025-11-03,Factory2,Product5,561
44,2025-11-10,Factory1,Product1,873
44,2025-11-10,Factory1,Product2,162
44,2025-11-10,Factory1,Product3,568
44,2025-11-10,Factory1,Product4,423
44,2025-11-10,Factory1,Product5,74
44,2025-11-10,Factory2,Product1,446
44,2025-11-10,Factory2,Product2,118
44,2025-11-10,Factory2,Product3,265
44,2025-11-10,Factory2,Product4,697
44,2025-11-10,Factory2,Product5,574
45,2025-11-17,Factory1,Product1,393
45,2025-11-17,Factory1,Product2,195
45,2025-11-17,Factory1,Product3,189
45,2025-11-17,Factory1,Product4,423
45,2025-11-17,Factory1,Product5,407
45,2025-11-17,Factory2,Product1,415
45,2025-11-17,Factory2,Product2,562
45,2025-11-17,Factory2,Product3,251
45,2025-11-17,Factory2,Product4,252
45,2025-11-17,Factory2,Product5,619
46,2025-11-24,Factory1,Product1,502
46,2025-11-24,Factory1,Product2,472
46,2025-11-24,Factory1,Product3,287
46,2025-11-24,Factory1,Product4,476
46,2025-11-24,Factory1,Product5,363
46,2025-11-24,Factory2,Product1,659
46,2025-11-24,Factory2,Product2,302
46,2025-11-24,Factory2,Product3,434
46,2025-11-24,Factory2,Product4,432
46,2025-11-24,Factory2,Product5,274
47,2025-12-01,Factory1,Product1,208
47,2025-12-01,Factory1,Product2,691
47,2025-12-01,Factory1,Product3,421
47,2025-12-01,Factory1,Product4,339
47,2025-12-01,Factory1,Product5,441
47,2025-12-01,Factory2,Product1,223
47,2025-12-01,Factory2,Product2,462
47,2025-12-01,Factory2,Product3,441
47,2025-12-01,Factory2,Product4,602
47,2025-12-01,Factory2,Product5,372
48,2025-12-08,Factory1,Product1,487
48,2025-12-08,Factory1,Product2,586
48,2025-12-08,Factory1,Product3,499
48,2025-12-08,Factory1,Product4,165
48,2025-12-08,Factory1,Product5,362
48,2025-12-08,Factory2,Product1,491
48,2025-12-08,Factory2,Product2,579
48,2025-12-08,Factory2,Product3,245
48,2025-12-08,Factory2,Product4,482
48,2025-12-08,Factory2,Product5,303
49,2025-12-15,Factory1,Product1,654
49,2025-12-15,Factory1,Product2,240
49,2025-12-15,Factory1,Product3,147
49,2025-12-15,Factory1,Product4,612
49,2025-12-15,Factory1,Product5,447
49,2025-12-15,Factory2,Product1,627
49,2025-12-15,Factory2,Product2,517
49,2025-12-15,Factory2,Product3,571
49,2025-12-15,Factory2,Product4,120
49,2025-12-15,Factory2,Product5,265
50,2025-12-22,Factory1,Product1,415
50,2025-12-22,Factory1,Product2,215
50,2025-12-22,Factory1,Product3,587
50,2025-12-22,Factory1,Product4,344
50,2025-12-22,Factory1,Product5,538
50,2025-12-22,Factory2,Product1,504
50,2025-12-22,Factory2,Product2,385
50,2025-12-22,Factory2,Product3,531
50,2025-12-22,Factory2,Product4,232
50,2025-12-22,Factory2,Product5,449
51,2025-12-29,Factory1,Product1,411
51,2025-12-29,Factory1,Product2,700
51,2025-12-29,Factory1,Product3,139
51,2025-12-29,Factory1,Product4,445
51,2025-12-29,Factory1,Product5,406
51,2025-12-29,Factory2,Product1,494
51,2025-12-29,Factory2,Product2,196
51,2025-12-29,Factory2,Product3,291
51,2025-12-29,Factory2,Product4,448
51,2025-12-29,Factory2,Product5,670
52,2026-01-05,Factory1,Product1,163
52,2026-01-05,Factory1,Product2,535
52,2026-01-05,Factory1,Product3,307
52,2026-01-05,Factory1,Product4,464
52,2026-01-05,Factory1,Product5,630
52,2026-01-05,Factory2,Product1,259
52,2026-01-05,Factory2,Product2,72
52,2026-01-05,Factory2,Product3,379
52,2026-01-05,Factory2,Product4,218
52,2026-01-05,Factory2,Product5,1171
53,2026-01-12,Factory1,Product1,385
53,2026-01-12,Factory1,Product2,391
53,2026-01-12,Factory1,Product3,208
53,2026-01-12,Factory1,Product4,628
53,2026-01-12,Factory1,Product5,488
53,2026-01-12,Factory2,Product1,328
53,2026-01-12,Factory2,Product2,477
53,2026-01-12,Factory2,Product3,448
53,2026-01-12,Factory2,Product4,534
53,2026-01-12,Factory2,Product5,313
54,2026-01-19,Factory1,Product1,527
54,2026-01-19,Factory1,Product2,398
54,2026-01-19,Factory1,Product3,340
54,2026-01-19,Factory1,Product4,575
54,2026-01-19,Factory1,Product5,259
54,2026-01-19,Factory2,Product1,677
54,2026-01-19,Factory2,Product2,361
54,2026-01-19,Factory2,Product3,180
54,2026-01-19,Factory2,Product4,530
54,2026-01-19,Factory2,Product5,351
55,2026-01-26,Factory1,Product1,215
55,2026-01-26,Factory1,Product2,320
55,2026-01-26,Factory1,Product3,446
55,2026-01-26,Factory1,Product4,238
55,2026-01-26,Factory1,Product5,882
55,2026-01-26,Factory2,Product1,420
55,2026-01-26,Factory2,Product2,428
55,2026-01-26,Factory2,Product3,255
55,2026-01-26,Factory2,Product4,530
55,2026-01-26,Factory2,Product5,467
56,2026-02-02,Factory1,Product1,318
56,2026-02-02,Factory1,Product2,341
56,2026-02-02,Factory1,Product3,691
56,2026-02-02,Factory1,Product4,254
56,2026-02-02,Factory1,Product5,496
56,2026-02-02,Factory2,Product1,324
56,2026-02-02,Factory2,Product2,371
56,2026-02-02,Factory2,Product3,295
56,2026-02-02,Factory2,Product4,716
56,2026-02-02,Factory2,Product5,394
57,2026-02-09,Factory1,Product1,566
57,2026-02-09,Factory1,Product2,225
57,2026-02-09,Factory1,Product3,309
57,2026-02-09,Factory1,Product4,573
57,2026-02-09,Factory1,Product5,427
57,2026-02-09,Factory2,Product1,168
57,2026-02-09,Factory2,Product2,525
57,2026-02-09,Factory2,Product3,175
57,2026-02-09,Factory2,Product4,788
57,2026-02-09,Factory2,Product5,443
58,2026-02-16,Factory1,Product1,609
58,2026-02-16,Factory1,Product2,539
58,2026-02-16,Factory1,Product3,407
58,2026-02-16,Factory1,Product4,167
58,2026-02-16,Factory1,Product5,378
58,2026-02-16,Factory2,Product1,482
58,2026-02-16,Factory2,Product2,176
58,2026-02-16,Factory2,Product3,312
58,2026-02-16,Factory2,Product4,870
58,2026-02-16,Factory2,Product5,261
59,2026-02-23,Factory1,Product1,152
59,2026-02-23,Factory1,Product2,210
59,2026-02-23,Factory1,Product3,1016
59,2026-02-23,Factory1,Product4,462
59,2026-02-23,Factory1,Product5,260
59,2026-02-23,Factory2,Product1,537
59,2026-02-23,Factory2,Product2,243
59,2026-02-23,Factory2,Product3,98
59,2026-02-23,Factory2,Product4,841
59,2026-02-23,Factory2,Product5,381
60,2026-03-02,Factory1,Product1,702
60,2026-03-02,Factory1,Product2,416
60,2026-03-02,Factory1,Product3,240
60,2026-03-02,Factory1,Product4,290
60,2026-03-02,Factory1,Product5,288
60,2026-03-02,Factory2,Product1,453
60,2026-03-02,Factory2,Product2,156
60,2026-03-02,Factory2,Product3,690
60,2026-03-02,Factory2,Product4,474
60,2026-03-02,Factory2,Product5,327
61,2026-03-09,Factory1,Product1,684
61,2026-03-09,Factory1,Product2,506
61,2026-03-09,Factory1,Product3,139
61,2026-03-09,Factory1,Product4,553
61,2026-03-09,Factory1,Product5,218
61,2026-03-09,Factory2,Product1,130
61,2026-03-09,Factory2,Product2,206
61,2026-03-09,Factory2,Product3,823
61,2026-03-09,Factory2,Product4,531
61,2026-03-09,Factory2,Product5,409
62,2026-03-16,Factory1,Product1,394
62,2026-03-16,Factory1,Product2,485
62,2026-03-16,Factory1,Product3,276
62,2026-03-16,Factory1,Product4,626
62,2026-03-16,Factory1,Product5,319
62,2026-03-16,Factory2,Product1,132
62,2026-03-16,Factory2,Product2,963
62,2026-03-16,Factory2,Product3,171
62,2026-03-16,Factory2,Product4,716
62,2026-03-16,Factory2,Product5,118
63,2026-03-23,Factory1,Product1,372
63,2026-03-23,Factory1,Product2,230
63,2026-03-23,Factory1,Product3,429
63,2026-03-23,Factory1,Product4,781
63,2026-03-23,Factory1,Product5,288
63,2026-03-23,Factory2,Product1,211
63,2026-03-23,Factory2,Product2,544
63,2026-03-23,Factory2,Product3,426
63,2026-03-23,Factory2,Product4,242
63,2026-03-23,Factory2,Product5,676
64,2026-03-30,Factory1,Product1,107
64,2026-03-30,Factory1,Product2,421
64,2026-03-30,Factory1,Product3,848
64,2026-03-30,Factory1,Product4,421
64,2026-03-30,Factory1,Product5,302
64,2026-03-30,Factory2,Product1,552
64,2026-03-30,Factory2,Product2,418
64,2026-03-30,Factory2,Product3,191
64,2026-03-30,Factory2,Product4,327
64,2026-03-30,Factory2,Product5,612
65,2026-04-06,Factory1,Product1,96
65,2026-04-06,Factory1,Product2,724
65,2026-04-06,Factory1,Product3,415
65,2026-04-06,Factory1,Product4,346
65,2026-04-06,Factory1,Product5,519
65,2026-04-06,Factory2,Product1,687
65,2026-04-06,Factory2,Product2,172
65,2026-04-06,Factory2,Product3,369
65,2026-04-06,Factory2,Product4,360
65,2026-04-06,Factory2,Product5,512
66,2026-04-13,Factory1,Product1,579
66,2026-04-13,Factory1,Product2,241
66,2026-04-13,Factory1,Product3,839
66,2026-04-13,Factory1,Product4,164
66,2026-04-13,Factory1,Product5,277
66,2026-04-13,Factory2,Product1,309
66,2026-04-13,Factory2,Product2,386
66,2026-04-13,Factory2,Product3,450
66,2026-04-13,Factory2,Product4,691
66,2026-04-13,Factory2,Product5,264
67,2026-04-20,Factory1,Product1,276
67,2026-04-20,Factory1,Product2,257
67,2026-04-20,Factory1,Product3,534
67,2026-04-20,Factory1,Product4,458
67,2026-04-20,Factory1,Product5,575
67,2026-04-20,Factory2,Product1,561
67,2026-04-20,Factory2,Product2,257
67,2026-04-20,Factory2,Product3,489
67,2026-04-20,Factory2,Product4,405
67,2026-04-20,Factory2,Product5,388
68,2026-04-27,Factory1,Product1,518
68,2026-04-27,Factory1,Product2,271
68,2026-04-27,Factory1,Product3,256
68,2026-04-27,Factory1,Product4,813
68,2026-04-27,Factory1,Product5,243
68,2026-04-27,Factory2,Product1,262
68,2026-04-27,Factory2,Product2,724
68,2026-04-27,Factory2,Product3,439
68,2026-04-27,Factory2,Product4,130
68,2026-04-27,Factory2,Product5,545
69,2026-05-04,Factory1,Product1,516
69,2026-05-04,Factory1,Product2,441
69,2026-05-04,Factory1,Product3,465
69,2026-05-04,Factory1,Product4,192
69,2026-05-04,Factory1,Product5,487
69,2026-05-04,Factory2,Product1,745
69,2026-05-04,Factory2,Product2,301
69,2026-05-04,Factory2,Product3,277
69,2026-05-04,Factory2,Product4,295
69,2026-05-04,Factory2,Product5,482
70,2026-05-11,Factory1,Product1,812
70,2026-05-11,Factory1,Product2,362
70,2026-05-11,Factory1,Product3,146
70,2026-05-11,Factory1,Product4,388
70,2026-05-11,Factory1,Product5,392
70,2026-05-11,Factory2,Product1,510
70,2026-05-11,Factory2,Product2,447
70,2026-05-11,Factory2,Product3,380
70,2026-05-11,Factory2,Product4,351
70,2026-05-11,Factory2,Product5,411
71,2026-05-18,Factory1,Product1,420
71,2026-05-18,Factory1,Product2,395
71,2026-05-18,Factory1,Product3,168
71,2026-05-18,Factory1,Product4,228
71,2026-05-18,Factory1,Product5,195
71,2026-05-18,Factory2,Product1,476
71,2026-05-18,Factory2,Product2,581
71,2026-05-18,Factory2,Product3,69
71,2026-05-18,Factory2,Product4,299
71,2026-05-18,Factory2,Product5,675
72,2026-05-25,Factory1,Product1,373
72,2026-05-25,Factory1,Product2,280
72,2026-05-25,Factory1,Product3,368
72,2026-05-25,Factory1,Product4,866
72,2026-05-25,Factory1,Product5,213
72,2026-05-25,Factory2,Product1,675
72,2026-05-25,Factory2,Product2,417
72,2026-05-25,Factory2,Product3,441
72,2026-05-25,Factory2,Product4,225
72,2026-05-25,Factory2,Product5,342
73,2026-06-01,Factory1,Product1,443
73,2026-06-01,Factory1,Product2,410
73,2026-06-01,Factory1,Product3,219
73,2026-06-01,Factory1,Product4,689
73,2026-06-01,Factory1,Product5,339
73,2026-06-01,Factory2,Product1,643
73,2026-06-01,Factory2,Product2,587
73,2026-06-01,Factory2,Product3,225
73,2026-06-01,Factory2,Product4,406
73,2026-06-01,Factory2,Product5,239
74,2026-06-08,Factory1,Product1,564
74,2026-06-08,Factory1,Product2,285
74,2026-06-08,Factory1,Product3,489
74,2026-06-08,Factory1,Product4,262
74,2026-06-08,Factory1,Product5,500
74,2026-06-08,Factory2,Product1,116
74,2026-06-08,Factory2,Product2,703
74,2026-06-08,Factory2,Product3,260
74,2026-06-08,Factory2,Product4,781
74,2026-06-08,Factory2,Product5,240
75,2026-06-15,Factory1,Product1,260
75,2026-06-15,Factory1,Product2,211
75,2026-06-15,Factory1,Product3,458
75,2026-06-15,Factory1,Product4,872
75,2026-06-15,Factory1,Product5,300
75,2026-06-15,Factory2,Product1,550
75,2026-06-15,Factory2,Product2,579
75,2026-06-15,Factory2,Product3,168
75,2026-06-15,Factory2,Product4,333
75,2026-06-15,Factory2,Product5,470
76,2026-06-22,Factory1,Product1,261
76,2026-06-22,Factory1,Product2,598
76,2026-06-22,Factory1,Product3,196
76,2026-06-22,Factory1,Product4,634
76,2026-06-22,Factory1,Product5,411
76,2026-06-22,Factory2,Product1,252
76,2026-06-22,Factory2,Product2,332
76,2026-06-22,Factory2,Product3,402
76,2026-06-22,Factory2,Product4,293
76,2026-06-22,Factory2,Product5,821
77,2026-06-29,Factory1,Product1,274
77,2026-06-29,Factory1,Product2,628
77,2026-06-29,Factory1,Product3,477
77,2026-06-29,Factory1,Product4,89
77,2026-06-29,Factory1,Product5,107
77,2026-06-29,Factory2,Product1,270
77,2026-06-29,Factory2,Product2,477
77,2026-06-29,Factory2,Product3,170
77,2026-06-29,Factory2,Product4,263
77,2026-06-29,Factory2,Product5,394
78,2026-07-06,Factory1,Product1,455
78,2026-07-06,Factory1,Product2,271
78,2026-07-06,Factory1,Product3,442
78,2026-07-06,Factory1,Product4,210
78,2026-07-06,Factory1,Product5,197
78,2026-07-06,Factory2,Product1,316
78,2026-07-06,Factory2,Product2,358
78,2026-07-06,Factory2,Product3,167
78,2026-07-06,Factory2,Product4,458
78,2026-07-06,Factory2,Product5,276
79,2026-07-13,Factory1,Product1,556
79,2026-07-13,Factory1,Product2,440
79,2026-07-13,Factory1,Product3,315
79,2026-07-13,Factory1,Product4,457
79,2026-07-13,Factory1,Product5,332
79,2026-07-13,Factory2,Product1,385
79,2026-07-13,Factory2,Product2,194
79,2026-07-13,Factory2,Product3,578
79,2026-07-13,Factory2,Product4,199
79,2026-07-13,Factory2,Product5,744
80,2026-07-20,Factory1,Product1,567
80,2026-07-20,Factory1,Product2,351
80,2026-07-20,Factory1,Product3,227
80,2026-07-20,Factory1,Product4,388
80,2026-07-20,Factory1,Product5,566
80,2026-07-20,Factory2,Product1,457
80,2026-07-20,Factory2,Product2,509
80,2026-07-20,Factory2,Product3,462
80,2026-07-20,Factory2,Product4,427
80,2026-07-20,Factory2,Product5,244
81,2026-07-27,Factory1,Product1,318
81,2026-07-27,Factory1,Product2,809
81,2026-07-27,Factory1,Product3,177
81,2026-07-27,Factory1,Product4,237
81,2026-07-27,Factory1,Product5,559
81,2026-07-27,Factory2,Product1,571
81,2026-07-27,Factory2,Product2,139
81,2026-07-27,Factory2,Product3,161
81,2026-07-27,Factory2,Product4,629
81,2026-07-27,Factory2,Product5,600
82,2026-08-03,Factory1,Product1,412
82,2026-08-03,Factory1,Product2,371
82,2026-08-03,Factory1,Product3,346
82,2026-08-03,Factory1,Product4,481
82,2026-08-03,Factory1,Product5,490
82,2026-08-03,Factory2,Product1,303
82,2026-08-03,Factory2,Product2,586
82,2026-08-03,Factory2,Product3,120
82,2026-08-03,Factory2,Product4,364
82,2026-08-03,Factory2,Product5,727
83,2026-08-10,Factory1,Product1,220
83,2026-08-10,Factory1,Product2,527
83,2026-08-10,Factory1,Product3,195
83,2026-08-10,Factory1,Product4,514
83,2026-08-10,Factory1,Product5,642
83,2026-08-10,Factory2,Product1,423
83,2026-08-10,Factory2,Product2,358
83,2026-08-10,Factory2,Product3,437
83,2026-08-10,Factory2,Product4,627
83,2026-08-10,Factory2,Product5,255
84,2026-08-17,Factory1,Product1,400
84,2026-08-17,Factory1,Product2,402
84,2026-08-17,Factory1,Product3,836
84,2026-08-17,Factory1,Product4,32
84,2026-08-17,Factory1,Product5,429
84,2026-08-17,Factory2,Product1,440
84,2026-08-17,Factory2,Product2,635
84,2026-08-17,Factory2,Product3,304
84,2026-08-17,Factory2,Product4,475
84,2026-08-17,Factory2,Product5,246
85,2026-08-24,Factory1,Product1,291
85,2026-08-24,Factory1,Product2,792
85,2026-08-24,Factory1,Product3,286
85,2026-08-24,Factory1,Product4,479
85,2026-08-24,Factory1,Product5,252
85,2026-08-24,Factory2,Product1,109
85,2026-08-24,Factory2,Product2,198
85,2026-08-24,Factory2,Product3,600
85,2026-08-24,Factory2,Product4,765
85,2026-08-24,Factory2,Product5,428
86,2026-08-31,Factory1,Product1,421
86,2026-08-31,Factory1,Product2,752
86,2026-08-31,Factory1,Product3,330
86,2026-08-31,Factory1,Product4,328
86,2026-08-31,Factory1,Product5,269
86,2026-08-31,Factory2,Product1,514
86,2026-08-31,Factory2,Product2,505
86,2026-08-31,Factory2,Product3,592
86,2026-08-31,Factory2,Product4,199
86,2026-08-31,Factory2,Product5,291
87,2026-09-07,Factory1,Product1,440
87,2026-09-07,Factory1,Product2,839
87,2026-09-07,Factory1,Product3,288
87,2026-09-07,Factory1,Product4,84
87,2026-09-07,Factory1,Product5,450
87,2026-09-07,Factory2,Product1,86
87,2026-09-07,Factory2,Product2,692
87,2026-09-07,Factory2,Product3,402
87,2026-09-07,Factory2,Product4,383
87,2026-09-07,Factory2,Product5,273
88,2026-09-14,Factory1,Product1,297
88,2026-09-14,Factory1,Product2,616
88,2026-09-14,Factory1,Product3,193
88,2026-09-14,Factory1,Product4,273
88,2026-09-14,Factory1,Product5,720
88,2026-09-14,Factory2,Product1,321
88,2026-09-14,Factory2,Product2,484
88,2026-09-14,Factory2,Product3,480
88,2026-09-14,Factory2,Product4,419
88,2026-09-14,Factory2,Product5,397
89,2026-09-21,Factory1,Product1,432
89,2026-09-21,Factory1,Product2,439
89,2026-09-21,Factory1,Product3,167
89,2026-09-21,Factory1,Product4,219
89,2026-09-21,Factory1,Product5,844
89,2026-09-21,Factory2,Product1,374
89,2026-09-21,Factory2,Product2,321
89,2026-09-21,Factory2,Product3,770
89,2026-09-21,Factory2,Product4,485
89,2026-09-21,Factory2,Product5,150
90,2026-09-28,Factory1,Product1,857
90,2026-09-28,Factory1,Product2,267
90,2026-09-28,Factory1,Product3,150
90,2026-09-28,Factory1,Product4,544
90,2026-09-28,Factory1,Product5,282
90,2026-09-28,Factory2,Product1,236
90,2026-09-28,Factory2,Product2,518
90,2026-09-28,Factory2,Product3,473
90,2026-09-28,Factory2,Product4,538
90,2026-09-28,Factory2,Product5,335
91,2026-10-05,Factory1,Product1,536
91,2026-10-05,Factory1,Product2,463
91,2026-10-05,Factory1,Product3,492
91,2026-10-05,Factory1,Product4,109
91,2026-10-05,Factory1,Product5,500
91,2026-10-05,Factory2,Product1,937
91,2026-10-05,Factory2,Product2,423
91,2026-10-05,Factory2,Product3,260
91,2026-10-05,Factory2,Product4,156
91,2026-10-05,Factory2,Product5,324
92,2026-10-12,Factory1,Product1,379
92,2026-10-12,Factory1,Product2,374
92,2026-10-12,Factory1,Product3,197
92,2026-10-12,Factory1,Product4,164
92,2026-10-12,Factory1,Product5,986
92,2026-10-12,Factory2,Product1,486
92,2026-10-12,Factory2,Product2,476
92,2026-10-12,Factory2,Product3,403
92,2026-10-12,Factory2,Product4,263
92,2026-10-12,Factory2,Product5,473
93,2026-10-19,Factory1,Product1,546
93,2026-10-19,Factory1,Product2,318
93,2026-10-19,Factory1,Product3,336
93,2026-10-19,Factory1,Product4,494
93,2026-10-19,Factory1,Product5,405
93,2026-10-19,Factory2,Product1,583
93,2026-10-19,Factory2,Product2,86
93,2026-10-19,Factory2,Product3,695
93,2026-10-19,Factory2,Product4,434
93,2026-10-19,Factory2,Product5,301
94,2026-10-26,Factory1,Product1,281
94,2026-10-26,Factory1,Product2,277
94,2026-10-26,Factory1,Product3,524
94,2026-10-26,Factory1,Product4,627
94,2026-10-26,Factory1,Product5,391
94,2026-10-26,Factory2,Product1,565
94,2026-10-26,Factory2,Product2,417
94,2026-10-26,Factory2,Product3,406
94,2026-10-26,Factory2,Product4,308
94,2026-10-26,Factory2,Product5,404
95,2026-11-02,Factory1,Product1,366
95,2026-11-02,Factory1,Product2,395
95,2026-11-02,Factory1,Product3,556
95,2026-11-02,Factory1,Product4,167
95,2026-11-02,Factory1,Product5,615
95,2026-11-02,Factory2,Product1,757
95,2026-11-02,Factory2,Product2,133
95,2026-11-02,Factory2,Product3,498
95,2026-11-02,Factory2,Product4,238
95,2026-11-02,Factory2,Product5,474
96,2026-11-09,Factory1,Product1,869
96,2026-11-09,Factory1,Product2,210
96,2026-11-09,Factory1,Product3,358
96,2026-11-09,Factory1,Product4,278
96,2026-11-09,Factory1,Product5,386
96,2026-11-09,Factory2,Product1,262
96,2026-11-09,Factory2,Product2,59
96,2026-11-09,Factory2,Product3,273
96,2026-11-09,Factory2,Product4,502
96,2026-11-09,Factory2,Product5,387
97,2026-11-16,Factory1,Product1,243
97,2026-11-16,Factory1,Product2,190
97,2026-11-16,Factory1,Product3,607
97,2026-11-16,Factory1,Product4,267
97,2026-11-16,Factory1,Product5,793
97,2026-11-16,Factory2,Product1,380
97,2026-11-16,Factory2,Product2,343
97,2026-11-16,Factory2,Product3,226
97,2026-11-16,Factory2,Product4,681
97,2026-11-16,Factory2,Product5,470
98,2026-11-23,Factory1,Product1,293
98,2026-11-23,Factory1,Product2,622
98,2026-11-23,Factory1,Product3,326
98,2026-11-23,Factory1,Product4,503
98,2026-11-23,Factory1,Product5,356
98,2026-11-23,Factory2,Product1,542
98,2026-11-23,Factory2,Product2,199
98,2026-11-23,Factory2,Product3,517
98,2026-11-23,Factory2,Product4,425
98,2026-11-23,Factory2,Product5,418
99,2026-11-30,Factory1,Product1,881
99,2026-11-30,Factory1,Product2,280
99,2026-11-30,Factory1,Product3,174
99,2026-11-30,Factory1,Product4,159
99,2026-11-30,Factory1,Product5,606
99,2026-11-30,Factory2,Product1,931
99,2026-11-30,Factory2,Product2,205
99,2026-11-30,Factory2,Product3,213
99,2026-11-30,Factory2,Product4,399
99,2026-11-30,Factory2,Product5,351
100,2026-12-07,Factory1,Product1,686
100,2026-12-07,Factory1,Product2,568
100,2026-12-07,Factory1,Product3,231
100,2026-12-07,Factory1,Product4,455
100,2026-12-07,Factory1,Product5,160
100,2026-12-07,Factory2,Product1,437
100,2026-12-07,Factory2,Product2,190
100,2026-12-07,Factory2,Product3,388
100,2026-12-07,Factory2,Product4,377
100,2026-12-07,Factory2,Product5,708
101,2026-12-14,Factory1,Product1,210
101,2026-12-14,Factory1,Product2,858
101,2026-12-14,Factory1,Product3,247
101,2026-12-14,Factory1,Product4,89
101,2026-12-14,Factory1,Product5,695
101,2026-12-14,Factory2,Product1,475
101,2026-12-14,Factory2,Product2,324
101,2026-12-14,Factory2,Product3,403
101,2026-12-14,Factory2,Product4,630
101,2026-12-14,Factory2,Product5,268
102,2026-12-21,Factory1,Product1,533
102,2026-12-21,Factory1,Product2,508
102,2026-12-21,Factory1,Product3,369
102,2026-12-21,Factory1,Product4,519
102,2026-12-21,Factory1,Product5,172
102,2026-12-21,Factory2,Product1,833
102,2026-12-21,Factory2,Product2,430
102,2026-12-21,Factory2,Product3,343
102,2026-12-21,Factory2,Product4,180
102,2026-12-21,Factory2,Product5,315
103,2026-12-28,Factory1,Product1,361
103,2026-12-28,Factory1,Product2,302
103,2026-12-28,Factory1,Product3,509
103,2026-12-28,Factory1,Product4,394
103,2026-12-28,Factory1,Product5,535
103,2026-12-28,Factory2,Product1,364
103,2026-12-28,Factory2,Product2,405
103,2026-12-28,Factory2,Product3,386
103,2026-12-28,Factory2,Product4,606
103,2026-12-28,Factory2,Product5,196
104,2027-01-04,Factory1,Product1,429
104,2027-01-04,Factory1,Product2,355
104,2027-01-04,Factory1,Product3,259
104,2027-01-04,Factory1,Product4,429
104,2027-01-04,Factory1,Product5,628
104,2027-01-04,Factory2,Product1,508
104,2027-01-04,Factory2,Product2,496
104,2027-01-04,Factory2,Product3,352
104,2027-01-04,Factory2,Product4,401
104,2027-01-04,Factory2,Product5,344
105,2027-01-11,Factory1,Product1,298
105,2027-01-11,Factory1,Product2,698
105,2027-01-11,Factory1,Product3,345
105,2027-01-11,Factory1,Product4,411
105,2027-01-11,Factory1,Product5,348
105,2027-01-11,Factory2,Product1,326
105,2027-01-11,Factory2,Product2,201
105,2027-01-11,Factory2,Product3,1010
105,2027-01-11,Factory2,Product4,15
105,2027-01-11,Factory2,Product5,548
106,2027-01-18,Factory1,Product1,98
106,2027-01-18,Factory1,Product2,424
106,2027-01-18,Factory1,Product3,270
106,2027-01-18,Factory1,Product4,737
106,2027-01-18,Factory1,Product5,571
106,2027-01-18,Factory2,Product1,176
106,2027-01-18,Factory2,Product2,332
106,2027-01-18,Factory2,Product3,248
106,2027-01-18,Factory2,Product4,195
106,2027-01-18,Factory2,Product5,547
107,2027-01-25,Factory1,Product1,114
107,2027-01-25,Factory1,Product2,484
107,2027-01-25,Factory1,Product3,259
107,2027-01-25,Factory1,Product4,154
107,2027-01-25,Factory1,Product5,348
107,2027-01-25,Factory2,Product1,580
107,2027-01-25,Factory2,Product2,146
107,2027-01-25,Factory2,Product3,562
107,2027-01-25,Factory2,Product4,223
107,2027-01-25,Factory2,Product5,589
108,2027-02-01,Factory1,Product1,401
108,2027-02-01,Factory1,Product2,392
108,2027-02-01,Factory1,Product3,331
108,2027-02-01,Factory1,Product4,495
108,2027-02-01,Factory1,Product5,480
108,2027-02-01,Factory2,Product1,403
108,2027-02-01,Factory2,Product2,382
108,2027-02-01,Factory2,Product3,226
108,2027-02-01,Factory2,Product4,554
108,2027-02-01,Factory2,Product5,534
109,2027-02-08,Factory1,Product1,487
109,2027-02-08,Factory1,Product2,223
109,2027-02-08,Factory1,Product3,310
109,2027-02-08,Factory1,Product4,816
109,2027-02-08,Factory1,Product5,264
109,2027-02-08,Factory2,Product1,408
109,2027-02-08,Factory2,Product2,455
109,2027-02-08,Factory2,Product3,284
109,2027-02-08,Factory2,Product4,385
109,2027-02-08,Factory2,Product5,568
110,2027-02-15,Factory1,Product1,503
110,2027-02-15,Factory1,Product2,357
110,2027-02-15,Factory1,Product3,254
110,2027-02-15,Factory1,Product4,429
110,2027-02-15,Factory1,Product5,557
110,2027-02-15,Factory2,Product1,126
110,2027-02-15,Factory2,Product2,621
110,2027-02-15,Factory2,Product3,515
110,2027-02-15,Factory2,Product4,493
110,2027-02-15,Factory2,Product5,345
111,2027-02-22,Factory1,Product1,492
111,2027-02-22,Factory1,Product2,355
111,2027-02-22,Factory1,Product3,465
111,2027-02-22,Factory1,Product4,300
111,2027-02-22,Factory1,Product5,487
111,2027-02-22,Factory2,Product1,239
111,2027-02-22,Factory2,Product2,654
111,2027-02-22,Factory2,Product3,413
111,2027-02-22,Factory2,Product4,276
111,2027-02-22,Factory2,Product5,518
112,2027-03-01,Factory1,Product1,283
112,2027-03-01,Factory1,Product2,483
112,2027-03-01,Factory1,Product3,306
112,2027-03-01,Factory1,Product4,766
112,2027-03-01,Factory1,Product5,262
112,2027-03-01,Factory2,Product1,640
112,2027-03-01,Factory2,Product2,273
112,2027-03-01,Factory2,Product3,121
112,2027-03-01,Factory2,Product4,490
112,2027-03-01,Factory2,Product5,576
113,2027-03-08,Factory1,Product1,636
113,2027-03-08,Factory1,Product2,170
113,2027-03-08,Factory1,Product3,513
113,2027-03-08,Factory1,Product4,571
113,2027-03-08,Factory1,Product5,210
113,2027-03-08,Factory2,Product1,548
113,2027-03-08,Factory2,Product2,531
113,2027-03-08,Factory2,Product3,795
113,2027-03-08,Factory2,Product4,80
113,2027-03-08,Factory2,Product5,145
114,2027-03-15,Factory1,Product1,191
114,2027-03-15,Factory1,Product2,567
114,2027-03-15,Factory1,Product3,493
114,2027-03-15,Factory1,Product4,429
114,2027-03-15,Factory1,Product5,421
114,2027-03-15,Factory2,Product1,621
114,2027-03-15,Factory2,Product2,171
114,2027-03-15,Factory2,Product3,25
114,2027-03-15,Factory2,Product4,483
114,2027-03-15,Factory2,Product5,799
115,2027-03-22,Factory1,Product1,490
115,2027-03-22,Factory1,Product2,216
115,2027-03-22,Factory1,Product3,556
115,2027-03-22,Factory1,Product4,459
115,2027-03-22,Factory1,Product5,379
115,2027-03-22,Factory2,Product1,211
115,2027-03-22,Factory2,Product2,357
115,2027-03-22,Factory2,Product3,414
115,2027-03-22,Factory2,Product4,649
115,2027-03-22,Factory2,Product5,469
116,2027-03-29,Factory1,Product1,397
116,2027-03-29,Factory1,Product2,762
116,2027-03-29,Factory1,Product3,218
116,2027-03-29,Factory1,Product4,252
116,2027-03-29,Factory1,Product5,471
116,2027-03-29,Factory2,Product1,404
116,2027-03-29,Factory2,Product2,979
116,2027-03-29,Factory2,Product3,299
116,2027-03-29,Factory2,Product4,329
116,2027-03-29,Factory2,Product5,89
117,2027-04-05,Factory1,Product1,426
117,2027-04-05,Factory1,Product2,295
117,2027-04-05,Factory1,Product3,168
117,2027-04-05,Factory1,Product4,309
117,2027-04-05,Factory1,Product5,902
117,2027-04-05,Factory2,Product1,360
117,2027-04-05,Factory2,Product2,445
117,2027-04-05,Factory2,Product3,303
117,2027-04-05,Factory2,Product4,222
117,2027-04-05,Factory2,Product5,770
118,2027-04-12,Factory1,Product1,121
118,2027-04-12,Factory1,Product2,593
118,2027-04-12,Factory1,Product3,598
118,2027-04-12,Factory1,Product4,445
118,2027-04-12,Factory1,Product5,343
118,2027-04-12,Factory2,Product1,421
118,2027-04-12,Factory2,Product2,122
118,2027-04-12,Factory2,Product3,522
118,2027-04-12,Factory2,Product4,599
118,2027-04-12,Factory2,Product5,437
119,2027-04-19,Factory1,Product1,385
119,2027-04-19,Factory1,Product2,252
119,2027-04-19,Factory1,Product3,691
119,2027-04-19,Factory1,Product4,380
119,2027-04-19,Factory1,Product5,392
119,2027-04-19,Factory2,Product1,463
119,2027-04-19,Factory2,Product2,324
119,2027-04-19,Factory2,Product3,603
119,2027-04-19,Factory2,Product4,298
119,2027-04-19,Factory2,Product5,250
120,2027-04-26,Factory1,Product1,273
120,2027-04-26,Factory1,Product2,263
120,2027-04-26,Factory1,Product3,620
120,2027-04-26,Factory1,Product4,507
120,2027-04-26,Factory1,Product5,437
120,2027-04-26,Factory2,Product1,504
120,2027-04-26,Factory2,Product2,782
120,2027-04-26,Factory2,Product3,102
120,2027-04-26,Factory2,Product4,357
120,2027-04-26,Factory2,Product5,355
121,2027-05-03,Factory1,Product1,344
121,2027-05-03,Factory1,Product2,638
121,2027-05-03,Factory1,Product3,308
121,2027-05-03,Factory1,Product4,496
121,2027-05-03,Factory1,Product5,314
121,2027-05-03,Factory2,Product1,435
121,2027-05-03,Factory2,Product2,294
121,2027-05-03,Factory2,Product3,161
121,2027-05-03,Factory2,Product4,793
121,2027-05-03,Factory2,Product5,418
122,2027-05-10,Factory1,Product1,504
122,2027-05-10,Factory1,Product2,488
122,2027-05-10,Factory1,Product3,659
122,2027-05-10,Factory1,Product4,253
122,2027-05-10,Factory1,Product5,195
122,2027-05-10,Factory2,Product1,300
122,2027-05-10,Factory2,Product2,409
122,2027-05-10,Factory2,Product3,135
122,2027-05-10,Factory2,Product4,791
122,2027-05-10,Factory2,Product5,465
123,2027-05-17,Factory1,Product1,288
123,2027-05-17,Factory1,Product2,502
123,2027-05-17,Factory1,Product3,850
123,2027-05-17,Factory1,Product4,228
123,2027-05-17,Factory1,Product5,232
123,2027-05-17,Factory2,Product1,338
123,2027-05-17,Factory2,Product2,295
123,2027-05-17,Factory2,Product3,952
123,2027-05-17,Factory2,Product4,120
123,2027-05-17,Factory2,Product5,396
124,2027-05-24,Factory1,Product1,271
124,2027-05-24,Factory1,Product2,393
124,2027-05-24,Factory1,Product3,365
124,2027-05-24,Factory1,Product4,619
124,2027-05-24,Factory1,Product5,453
124,2027-05-24,Factory2,Product1,380
124,2027-05-24,Factory2,Product2,682
124,2027-05-24,Factory2,Product3,391
124,2027-05-24,Factory2,Product4,111
124,2027-05-24,Factory2,Product5,537
125,2027-05-31,Factory1,Product1,507
125,2027-05-31,Factory1,Product2,693
125,2027-05-31,Factory1,Product3,588
125,2027-05-31,Factory1,Product4,269
125,2027-05-31,Factory1,Product5,43
125,2027-05-31,Factory2,Product1,648
125,2027-05-31,Factory2,Product2,418
125,2027-05-31,Factory2,Product3,297
125,2027-05-31,Factory2,Product4,281
125,2027-05-31,Factory2,Product5,456
126,2027-06-07,Factory1,Product1,508
126,2027-06-07,Factory1,Product2,310
126,2027-06-07,Factory1,Product3,282
126,2027-06-07,Factory1,Product4,594
126,2027-06-07,Factory1,Product5,405
126,2027-06-07,Factory2,Product1,205
126,2027-06-07,Factory2,Product2,726
126,2027-06-07,Factory2,Product3,218
126,2027-06-07,Factory2,Product4,462
126,2027-06-07,Factory2,Product5,490
127,2027-06-14,Factory1,Product1,322
127,2027-06-14,Factory1,Product2,328
127,2027-06-14,Factory1,Product3,298
127,2027-06-14,Factory1,Product4,406
127,2027-06-14,Factory1,Product5,747
127,2027-06-14,Factory2,Product1,281
127,2027-06-14,Factory2,Product2,477
127,2027-06-14,Factory2,Product3,403
127,2027-06-14,Factory2,Product4,422
127,2027-06-14,Factory2,Product5,518
128,2027-06-21,Factory1,Product1,303
128,2027-06-21,Factory1,Product2,370
128,2027-06-21,Factory1,Product3,494
128,2027-06-21,Factory1,Product4,545
128,2027-06-21,Factory1,Product5,389
128,2027-06-21,Factory2,Product1,134
128,2027-06-21,Factory2,Product2,1019
128,2027-06-21,Factory2,Product3,386
128,2027-06-21,Factory2,Product4,308
128,2027-06-21,Factory2,Product5,253
129,2027-06-28,Factory1,Product1,526
129,2027-06-28,Factory1,Product2,461
129,2027-06-28,Factory1,Product3,231
129,2027-06-28,Factory1,Product4,127
129,2027-06-28,Factory1,Product5,230
129,2027-06-28,Factory2,Product1,530
129,2027-06-28,Factory2,Product2,357
129,2027-06-28,Factory2,Product3,146
129,2027-06-28,Factory2,Product4,213
129,2027-06-28,Factory2,Product5,329
130,2027-07-05,Factory1,Product1,328
130,2027-07-05,Factory1,Product2,232
130,2027-07-05,Factory1,Product3,343
130,2027-07-05,Factory1,Product4,424
130,2027-07-05,Factory1,Product5,247
130,2027-07-05,Factory2,Product1,605
130,2027-07-05,Factory2,Product2,181
130,2027-07-05,Factory2,Product3,157
130,2027-07-05,Factory2,Product4,578
130,2027-07-05,Factory2,Product5,54
131,2027-07-12,Factory1,Product1,329
131,2027-07-12,Factory1,Product2,371
131,2027-07-12,Factory1,Product3,682
131,2027-07-12,Factory1,Product4,170
131,2027-07-12,Factory1,Product5,547
131,2027-07-12,Factory2,Product1,348
131,2027-07-12,Factory2,Product2,805
131,2027-07-12,Factory2,Product3,201
131,2027-07-12,Factory2,Product4,448
131,2027-07-12,Factory2,Product5,298
132,2027-07-19,Factory1,Product1,361
132,2027-07-19,Factory1,Product2,243
132,2027-07-19,Factory1,Product3,509
132,2027-07-19,Factory1,Product4,568
132,2027-07-19,Factory1,Product5,419
132,2027-07-19,Factory2,Product1,805
132,2027-07-19,Factory2,Product2,187
132,2027-07-19,Factory2,Product3,339
132,2027-07-19,Factory2,Product4,469
132,2027-07-19,Factory2,Product5,300
133,2027-07-26,Factory1,Product1,473
133,2027-07-26,Factory1,Product2,618
133,2027-07-26,Factory1,Product3,381
133,2027-07-26,Factory1,Product4,456
133,2027-07-26,Factory1,Product5,172
133,2027-07-26,Factory2,Product1,83
133,2027-07-26,Factory2,Product2,690
133,2027-07-26,Factory2,Product3,429
133,2027-07-26,Factory2,Product4,466
133,2027-07-26,Factory2,Product5,432
134,2027-08-02,Factory1,Product1,407
134,2027-08-02,Factory1,Product2,445
134,2027-08-02,Factory1,Product3,576
134,2027-08-02,Factory1,Product4,505
134,2027-08-02,Factory1,Product5,167
134,2027-08-02,Factory2,Product1,394
134,2027-08-02,Factory2,Product2,633
134,2027-08-02,Factory2,Product3,211
134,2027-08-02,Factory2,Product4,331
134,2027-08-02,Factory2,Product5,313
135,2027-08-09,Factory1,Product1,198
135,2027-08-09,Factory1,Product2,527
135,2027-08-09,Factory1,Product3,273
135,2027-08-09,Factory1,Product4,584
135,2027-08-09,Factory1,Product5,519
135,2027-08-09,Factory2,Product1,728
135,2027-08-09,Factory2,Product2,447
135,2027-08-09,Factory2,Product3,147
135,2027-08-09,Factory2,Product4,351
135,2027-08-09,Factory2,Product5,427
136,2027-08-16,Factory1,Product1,481
136,2027-08-16,Factory1,Product2,206
136,2027-08-16,Factory1,Product3,775
136,2027-08-16,Factory1,Product4,475
136,2027-08-16,Factory1,Product5,163
136,2027-08-16,Factory2,Product1,364
136,2027-08-16,Factory2,Product2,783
136,2027-08-16,Factory2,Product3,361
136,2027-08-16,Factory2,Product4,277
136,2027-08-16,Factory2,Product5,315
137,2027-08-23,Factory1,Product1,284
137,2027-08-23,Factory1,Product2,177
137,2027-08-23,Factory1,Product3,405
137,2027-08-23,Factory1,Product4,910
137,2027-08-23,Factory1,Product5,324
137,2027-08-23,Factory2,Product1,387
137,2027-08-23,Factory2,Product2,258
137,2027-08-23,Factory2,Product3,923
137,2027-08-23,Factory2,Product4,209
137,2027-08-23,Factory2,Product5,324
138,2027-08-30,Factory1,Product1,486
138,2027-08-30,Factory1,Product2,267
138,2027-08-30,Factory1,Product3,426
138,2027-08-30,Factory1,Product4,635
138,2027-08-30,Factory1,Product5,286
138,2027-08-30,Factory2,Product1,175
138,2027-08-30,Factory2,Product2,653
138,2027-08-30,Factory2,Product3,556
138,2027-08-30,Factory2,Product4,416
138,2027-08-30,Factory2,Product5,299
139,2027-09-06,Factory1,Product1,107
139,2027-09-06,Factory1,Product2,1009
139,2027-09-06,Factory1,Product3,312
139,2027-09-06,Factory1,Product4,335
139,2027-09-06,Factory1,Product5,336
139,2027-09-06,Factory2,Product1,576
139,2027-09-06,Factory2,Product2,775
139,2027-09-06,Factory2,Product3,230
139,2027-09-06,Factory2,Product4,194
139,2027-09-06,Factory2,Product5,324
140,2027-09-13,Factory1,Product1,308
140,2027-09-13,Factory1,Product2,221
140,2027-09-13,Factory1,Product3,783
140,2027-09-13,Factory1,Product4,608
140,2027-09-13,Factory1,Product5,181
140,2027-09-13,Factory2,Product1,314
140,2027-09-13,Factory2,Product2,300
140,2027-09-13,Factory2,Product3,391
140,2027-09-13,Factory2,Product4,120
140,2027-09-13,Factory2,Product5,474
141,2027-09-20,Factory1,Product1,438
141,2027-09-20,Factory1,Product2,696
141,2027-09-20,Factory1,Product3,263
141,2027-09-20,Factory1,Product4,372
141,2027-09-20,Factory1,Product5,331
141,2027-09-20,Factory2,Product1,170
141,2027-09-20,Factory2,Product2,291
141,2027-09-20,Factory2,Product3,352
141,2027-09-20,Factory2,Product4,502
141,2027-09-20,Factory2,Product5,785
142,2027-09-27,Factory1,Product1,462
142,2027-09-27,Factory1,Product2,413
142,2027-09-27,Factory1,Product3,430
142,2027-09-27,Factory1,Product4,528
142,2027-09-27,Factory1,Product5,268
142,2027-09-27,Factory2,Product1,628
142,2027-09-27,Factory2,Product2,278
142,2027-09-27,Factory2,Product3,371
142,2027-09-27,Factory2,Product4,357
142,2027-09-27,Factory2,Product5,465
143,2027-10-04,Factory1,Product1,586
143,2027-10-04,Factory1,Product2,365
143,2027-10-04,Factory1,Product3,444
143,2027-10-04,Factory1,Product4,527
143,2027-10-04,Factory1,Product5,178
143,2027-10-04,Factory2,Product1,548
143,2027-10-04,Factory2,Product2,324
143,2027-10-04,Factory2,Product3,359
143,2027-10-04,Factory2,Product4,436
143,2027-10-04,Factory2,Product5,434
144,2027-10-11,Factory1,Product1,286
144,2027-10-11,Factory1,Product2,571
144,2027-10-11,Factory1,Product3,578
144,2027-10-11,Factory1,Product4,424
144,2027-10-11,Factory1,Product5,240
144,2027-10-11,Factory2,Product1,380
144,2027-10-11,Factory2,Product2,785
144,2027-10-11,Factory2,Product3,280
144,2027-10-11,Factory2,Product4,289
144,2027-10-11,Factory2,Product5,366
145,2027-10-18,Factory1,Product1,533
145,2027-10-18,Factory1,Product2,94
145,2027-10-18,Factory1,Product3,639
145,2027-10-18,Factory1,Product4,85
145,2027-10-18,Factory1,Product5,749
145,2027-10-18,Factory2,Product1,643
145,2027-10-18,Factory2,Product2,297
145,2027-10-18,Factory2,Product3,516
145,2027-10-18,Factory2,Product4,141
145,2027-10-18,Factory2,Product5,503
146,2027-10-25,Factory1,Product1,393
146,2027-10-25,Factory1,Product2,539
146,2027-10-25,Factory1,Product3,478
146,2027-10-25,Factory1,Product4,254
146,2027-10-25,Factory1,Product5,436
146,2027-10-25,Factory2,Product1,422
146,2027-10-25,Factory2,Product2,192
146,2027-10-25,Factory2,Product3,345
146,2027-10-25,Factory2,Product4,624
146,2027-10-25,Factory2,Product5,517
147,2027-11-01,Factory1,Product1,275
147,2027-11-01,Factory1,Product2,569
147,2027-11-01,Factory1,Product3,282
147,2027-11-01,Factory1,Product4,494
147,2027-11-01,Factory1,Product5,481
147,2027-11-01,Factory2,Product1,584
147,2027-11-01,Factory2,Product2,551
147,2027-11-01,Factory2,Product3,266
147,2027-11-01,Factory2,Product4,406
147,2027-11-01,Factory2,Product5,293
148,2027-11-08,Factory1,Product1,289
148,2027-11-08,Factory1,Product2,157
148,2027-11-08,Factory1,Product3,492
148,2027-11-08,Factory1,Product4,232
148,2027-11-08,Factory1,Product5,931
148,2027-11-08,Factory2,Product1,568
148,2027-11-08,Factory2,Product2,219
148,2027-11-08,Factory2,Product3,94
148,2027-11-08,Factory2,Product4,230
148,2027-11-08,Factory2,Product5,989
149,2027-11-15,Factory1,Product1,133
149,2027-11-15,Factory1,Product2,595
149,2027-11-15,Factory1,Product3,424
149,2027-11-15,Factory1,Product4,349
149,2027-11-15,Factory1,Product5,599
149,2027-11-15,Factory2,Product1,701
149,2027-11-15,Factory2,Product2,408
149,2027-11-15,Factory2,Product3,138
149,2027-11-15,Factory2,Product4,608
149,2027-11-15,Factory2,Product5,245
150,2027-11-22,Factory1,Product1,305
150,2027-11-22,Factory1,Product2,472
150,2027-11-22,Factory1,Product3,367
150,2027-11-22,Factory1,Product4,504
150,2027-11-22,Factory1,Product5,453
150,2027-11-22,Factory2,Product1,311
150,2027-11-22,Factory2,Product2,381
150,2027-11-22,Factory2,Product3,613
150,2027-11-22,Factory2,Product4,427
150,2027-11-22,Factory2,Product5,368
151,2027-11-29,Factory1,Product1,421
151,2027-11-29,Factory1,Product2,385
151,2027-11-29,Factory1,Product3,141
151,2027-11-29,Factory1,Product4,436
151,2027-11-29,Factory1,Product5,718
151,2027-11-29,Factory2,Product1,163
151,2027-11-29,Factory2,Product2,394
151,2027-11-29,Factory2,Product3,455
151,2027-11-29,Factory2,Product4,524
151,2027-11-29,Factory2,Product5,564
152,2027-12-06,Factory1,Product1,752
152,2027-12-06,Factory1,Product2,206
152,2027-12-06,Factory1,Product3,535
152,2027-12-06,Factory1,Product4,477
152,2027-12-06,Factory1,Product5,129
152,2027-12-06,Factory2,Product1,752
152,2027-12-06,Factory2,Product2,583
152,2027-12-06,Factory2,Product3,207
152,2027-12-06,Factory2,Product4,266
152,2027-12-06,Factory2,Product5,292
153,2027-12-13,Factory1,Product1,567
153,2027-12-13,Factory1,Product2,391
153,2027-12-13,Factory1,Product3,382
153,2027-12-13,Factory1,Product4,298
153,2027-12-13,Factory1,Product5,462
153,2027-12-13,Factory2,Product1,43
153,2027-12-13,Factory2,Product2,168
153,2027-12-13,Factory2,Product3,304
153,2027-12-13,Factory2,Product4,294
153,2027-12-13,Factory2,Product5,370
154,2027-12-20,Factory1,Product1,583
154,2027-12-20,Factory1,Product2,223
154,2027-12-20,Factory1,Product3,163
154,2027-12-20,Factory1,Product4,416
154,2027-12-20,Factory1,Product5,716
154,2027-12-20,Factory2,Product1,255
154,2027-12-20,Factory2,Product2,373
154,2027-12-20,Factory2,Product3,619
154,2027-12-20,Factory2,Product4,192
154,2027-12-20,Factory2,Product5,661
155,2027-12-27,Factory1,Product1,167
155,2027-12-27,Factory1,Product2,504
155,2027-12-27,Factory1,Product3,608
155,2027-12-27,Factory1,Product4,650
155,2027-12-27,Factory1,Product5,170
155,2027-12-27,Factory2,Product1,607
155,2027-12-27,Factory2,Product2,310
155,2027-12-27,Factory2,Product3,577
155,2027-12-27,Factory2,Product4,469
155,2027-12-27,Factory2,Product5,137
